adoc_file,line_number,excerpt,parameter_name,named,class,value_type,confidence,notes
a-st-ext.adoc,98,"For LR and SC, the Zalrsc extension requires that the address held in rs1 be naturally aligned to the size of the operand (i.e., eight-byte aligned for doublewords and four-byte aligned for words). If the address is not naturally aligned, an address-misaligned exception or an access-fault exception will be generated.",LRSC_MISALIGNED_BEHAVIOR,yes,NORM_DIRECT,binary,high,
a-st-ext.adoc,113,"An implementation can register an arbitrarily large reservation set on each LR, provided the reservation set includes all bytes of the addressed data word or doubleword.",LRSC_RESERVATION_STRATEGY,yes,NORM_DIRECT,enum,high,
a-st-ext.adoc,115,"An SC may succeed only if no store from another hart to the reservation set can be observed to have occurred between the LR and the SC, and if there is no other SC between the LR and itself in program order.",LRSC_FAIL_ON_NON_EXACT_LRSC,yes,NORM_DIRECT,binary,medium,
a-st-ext.adoc,125,"Following this model, in systems with memory translation, an SC is allowed to succeed if the earlier LR reserved the same location using an alias with a different virtual address, but is also allowed to fail if the virtual address is different.",LRSC_FAIL_ON_VA_SYNONYM,yes,NORM_DIRECT,binary,high,
a-st-ext.adoc,378,"For AMOs, the Zaamo extension requires that the address held in rs1 be naturally aligned to the size of the operand (i.e., eight-byte aligned for doublewords and four-byte aligned for words). If the address is not naturally aligned, an address-misaligned exception or an access-fault exception will be generated.",MISALIGNED_AMO,yes,NORM_DIRECT,binary,high,
a-st-ext.adoc,384,"The misaligned atomicity granule PMA, defined in Volume II of this manual, optionally relaxes this alignment requirement. If present, the misaligned atomicity granule PMA specifies the size of a misaligned atomicity granule, a power-of-two number of bytes.",MISALIGNED_MAX_ATOMICITY_GRANULE_SIZE,yes,NORM_DIRECT,value,high,
b-st-ext.adoc,1088,"For RV32, the encodings corresponding to shamt[5]=1 are reserved.",BCLRI_SHAMT_RSV_RV32,no,NORM_DIRECT,binary,high,newly discovered
b-st-ext.adoc,1158,"For RV32, the encodings corresponding to shamt[5]=1 are reserved.",BEXTI_SHAMT_RSV_RV32,no,NORM_DIRECT,binary,high,newly discovered
b-st-ext.adoc,1228,"For RV32, the encodings corresponding to shamt[5]=1 are reserved.",BINVI_SHAMT_RSV_RV32,no,NORM_DIRECT,binary,high,newly discovered
b-st-ext.adoc,1298,"For RV32, the encodings corresponding to shamt[5]=1 are reserved.",BSETI_SHAMT_RSV_RV32,no,NORM_DIRECT,binary,high,newly discovered
bfloat16.adoc,149,"All of the BF16 instructions in the extensions defined in this specification (i.e., Zfbfmin, Zvfbfmin, and Zvfbfwma) fully support subnormal numbers. That is, instructions are able to accept subnormal values as inputs and they can produce subnormal results.",BF16_SUBNORMAL_SUPPORT,no,NORM_DIRECT,binary,high,newly discovered
bfloat16.adoc,549,SEW is any value other than 16,VFNCVTBF16_SEW_SUPPORT,no,NORM_CSR_WARL,set,high,newly discovered
bfloat16.adoc,612,SEW is any value other than 16,VFWCVTBF16_SEW_SUPPORT,no,NORM_CSR_WARL,set,high,newly discovered
bfloat16.adoc,707,SEW is any value other than 16,VFWMACCBF16_SEW_SUPPORT,no,NORM_CSR_WARL,set,high,newly discovered
c-st-ext.adoc,22,"The C extension allows 16-bit instructions to be freely intermixed with 32-bit instructions, with the latter now able to start on any 16-bit boundary, i.e., IALIGN=16.",IALIGN,no,NORM_DIRECT,value,high,newly discovered
c-st-ext.adoc,175,"CIW, CL, CS, CA, and CB are limited to just 8 of them.",COMPRESSED_REGISTER_SET,no,NORM_DIRECT,set,high,newly discovered
c-st-ext.adoc,185,"Compressed register-based floating-point loads and stores also use the CL and CS formats respectively, with the eight registers mapping to `f8` to `f15`.",COMPRESSED_FP_REGISTER_SET,no,NORM_DIRECT,set,high,newly discovered
c-st-ext.adoc,456,"As with base RVI instructions, the offsets of all RVC control transfer instructions are in multiples of 2 bytes.",RVC_OFFSET_ALIGNMENT,no,NORM_DIRECT,value,high,newly discovered
c-st-ext.adoc,693,"For RV32C, _shamt[5]_ must be zero; the code points with _shamt[5]_=1 are designated for custom extensions.",RV32C_SLLI_SHAMT5_RESTRICTION,no,NORM_DIRECT,binary,high,newly discovered
c-st-ext.adoc,713,"For RV32C, _shamt[5]_ must be zero; the code points with _shamt[5]_=1 are designated for custom extensions.",RV32C_SRLI_SHAMT5_RESTRICTION,no,NORM_DIRECT,binary,high,newly discovered
c-st-ext.adoc,825,A 16-bit instruction with all bits zero is permanently reserved as an illegal instruction.,COMPRESSED_ALL_ZERO_ILLEGAL,no,NORM_DIRECT,binary,high,newly discovered
c-st-ext.adoc,869,A portion of the RVC encoding space is reserved for microarchitectural HINTs.,RVC_HINT_SUPPORT,no,NORM_DIRECT,binary,medium,newly discovered
cmo.adoc,103,"The capacity and organization of a cache and the size of a cache block are both _implementation-specific_, and the execution environment provides software a means to discover information about the caches and cache blocks in a system.",CACHE_BLOCK_SIZE,yes,NORM_DIRECT,value,high,
cmo.adoc,106,"In the initial set of CMO extensions, the size of a cache block shall be uniform throughout the system.",UNIFORM_CACHE_BLOCK_SIZE,no,NORM_DIRECT,binary,high,newly discovered
cmo.adoc,334,"If the above constraints are not met, the behavior of a CBO instruction is UNSPECIFIED.",CBO_BEHAVIOR_ON_CONSTRAINT_VIOLATION,no,NORM_DIRECT,enum,medium,newly discovered
cmo.adoc,359,"If neither a load instruction nor store instruction is permitted to access the physical addresses, but an instruction fetch is permitted to access the physical addresses, whether a cache-block management instruction is permitted to access the cache block is UNSPECIFIED.",CBM_ACCESS_ON_IFETCH_ONLY,no,NORM_DIRECT,binary,high,newly discovered
cmo.adoc,598,"Each `x{csrname}` register is WARL; however, software should determine the legal values from the execution environment discovery mechanism.",XENVCFG_LEGAL_VALUES,no,NORM_CSR_WARL,set,high,newly discovered
cmo.adoc,693,"An implementation may update the bytes in any order and with any granularity and atomicity, including individual bytes.",CBO_ZERO_GRANULARITY,no,NORM_DIRECT,enum,high,newly discovered
cmo.adoc,850,"When executing a *cbo.clean* instruction, an implementation may instead perform a flush operation, since the result of that operation is indistinguishable from the sequence of performing a clean operation just before deallocating all cached copies in the set of coherent caches.",FORCE_UPGRADE_CBO_CLEAN_TO_FLUSH,no,NORM_DIRECT,binary,high,newly discovered
cmo.adoc,930,"When executing a *cbo.inval* instruction, an implementation may instead perform a flush operation, since the result of that operation is indistinguishable from the sequence of performing a write transfer to memory just before performing an invalidate operation.",FORCE_UPGRADE_CBO_INVAL_TO_FLUSH,yes,NORM_DIRECT,binary,high,
cmo.adoc,1006,An implementation may or may not update the entire set of bytes atomically.,CBO_ZERO_ATOMICITY,no,NORM_DIRECT,binary,high,newly discovered
counters.adoc,189,"The implemented number and width of these additional counters, and the set of events they count, are platform-specific.",HPM_COUNTER_EN,yes,NORM_DIRECT,bitmask,high,
counters.adoc,189,"The implemented number and width of these additional counters, and the set of events they count, are platform-specific.",HPM_EVENTS,yes,NORM_DIRECT,set,high,
counters.adoc,190,Accessing an unimplemented counter may cause an illegal-instruction exception or may return a constant value.,TRAP_ON_UNIMPLEMENTED_HPM_COUNTER,no,NORM_DIRECT,binary,high,"needs review: multiple UDB matches (TRAP_ON_UNIMPLEMENTED_CSR, TRAP_ON_UNIMPLEMENTED_INSTRUCTION)"
counters.adoc,192,"If the configuration used to select the events counted by a counter is misconfigured, the counter may return a constant value.",HPM_MISCONFIGURED_BEHAVIOR,no,NORM_DIRECT,enum,medium,newly discovered
d-st-ext.adoc,11,"The D extension widens the 32 floating-point registers, `f0-f31`, to 64 bits (FLEN=64 in <<fprs>>).",FLEN,no,NORM_DIRECT,value,high,newly discovered
f-st-ext.adoc,119,"The behavior of floating-point instructions that depend on rounding mode when executed with a reserved rounding mode is _reserved_, including both static reserved rounding modes (101-110) and dynamic reserved rounding modes (101-111).",TRAP_ON_RESERVED_INSTRUCTION,yes,NORM_DIRECT,binary,medium,aligned via fuzzy_name to UDB TRAP_ON_RESERVED_INSTRUCTION
f-st-ext.adoc,158,"Except when otherwise stated, if the result of a floating-point operation is NaN, it is the canonical NaN.",F_CANONICAL_NAN,no,NORM_DIRECT,binary,high,newly discovered
f-st-ext.adoc,226,"As described in <<ldst>>, the execution environment defines whether misaligned floating-point loads and stores are handled invisibly or raise a contained or fatal trap.",MISALIGNED_LDST,yes,NORM_DIRECT,enum,high,
hypervisor.adoc,23,CSR `mtval` must not be read-only zero,MTVAL_IMPLEMENTED,no,NORM_CSR_RW,binary,high,newly discovered
hypervisor.adoc,24,"standard page-based address translation must be supported, either Sv32 for RV32, or a minimum of Sv39 for RV64",VM_MODES_SUPPORTED,no,NORM_DIRECT,set,high,newly discovered
hypervisor.adoc,158,we use the term _HSXLEN_ to refer to the effective XLEN when executing in HS-mode,SXLEN,yes,NORM_DIRECT,enum,high,
hypervisor.adoc,159,_VSXLEN_ to refer to the effective XLEN when executing in VS-mode,VSXLEN,yes,NORM_DIRECT,enum,high,
hypervisor.adoc,189,an implementation may make VSXL be a read-only field whose value always ensures that VSXLEN=HSXLEN,VSXL_RO_PARAM,no,NORM_CSR_RW,binary,high,newly discovered
hypervisor.adoc,202,"An implementation may have WFI always raise a virtual-instruction exception in VS-mode when VTW=1 (and `mstatus`.TW=0), even if there are pending globally-disabled interrupts when the instruction is executed",VTW_VIRTINSTR_PARAM,no,NORM_DIRECT,binary,high,newly discovered
hypervisor.adoc,213,"GEILEN may be zero, in which case VGEIN may be read-only zero",GEILEN,no,NORM_DIRECT,range,high,newly discovered
hypervisor.adoc,1002,"The `htval` register can optionally also be used to return the faulting guest physical address that faulted, shifted right by 2 bits",HTVAL_TRAPVAL_PARAM,no,NORM_DIRECT,binary,high,"needs review: multiple UDB matches (REPORT_GPA_IN_HTVAL_ON_GUEST_PAGE_FAULT, REPORT_GPA_IN_TVAL_ON_INSTRUCTION_GUEST_PAGE_FAULT, REPORT_GPA_IN_TVAL_ON_INTERMEDIATE_GUEST_PAGE_FAULT, REPORT_GPA_IN_TVAL_ON_LOAD_GUEST_PAGE_FAULT, REPORT_GPA_IN_TVAL_ON_STORE_AMO_GUEST_PAGE_FAULT)"
hypervisor.adoc,1069,Implementations are not required to support all defined MODE settings when HSXLEN=64,HGATP_MODES_SUPPORTED,no,NORM_CSR_WARL,set,high,newly discovered
hypervisor.adoc,1073,The number of VMID bits is UNSPECIFIED and may be zero,VMID_WIDTH,yes,NORM_DIRECT,range,high,
hypervisor.adoc,1075,"the fields of `hgatp` are *WARL* in the normal way, so an unsupported value is simply not stored",GSTAGE_MODE_BARE,yes,NORM_CSR_WARL,binary,high,
hypervisor.adoc,1075,"The least-significant bits of VMID are implemented first: that is, if VMIDLEN > 0, VMID[VMIDLEN-1:0] is writable. The maximal value of VMIDLEN, termed VMIDMAX, is 7 for Sv32x4 or 14 for Sv39x4, Sv48x4, and Sv57x4",HGATP_VMID_LSBS,no,NORM_CSR_RW,bitmask,high,newly discovered
hypervisor.adoc,1439,An implementation may make field UBE be a read-only copy of `hstatus`.VSBE,VSSTATUS_UBE_PARAM,no,NORM_CSR_RW,binary,high,newly discovered
hypervisor.adoc,1568,"when `vsatp` is active, VS-stage page-table entries' A bits must not be set as a result of speculative execution, unless the effective privilege mode is VS or VU",VS_STAGE_SPECULATIVE_A_BIT,no,NORM_DIRECT,binary,medium,newly discovered
hypervisor.adoc,1572,"When V=0, a write to `vsatp` with an unsupported MODE value is either ignored as it is for `satp`, or the fields of `vsatp` are treated as *WARL* in the normal way",VSATP_MODE_UNSUPPORTED_V0,no,NORM_DIRECT,binary,high,newly discovered
hypervisor.adoc,1573,"However, when V=1, a write to `satp` with an unsupported MODE value _is_ ignored and no write to `vsatp` is effected",VSATP_MODE_UNSUPPORTED_V1,no,NORM_DIRECT,binary,high,newly discovered
hypervisor.adoc,2421,"The `mtval2` register can optionally also be used to return the faulting guest physical address that faulted, shifted right by 2 bits",MTVAL2_TRAPVAL_PARAM,no,NORM_DIRECT,binary,high,newly discovered
indirect-csr.adoc,20,A CSR accessible via one method may or may not be accessible via the other method.,CSR_DUAL_ACCESS_SUPPORT,no,NORM_DIRECT,binary,high,newly discovered
indirect-csr.adoc,26,Machine-level and Supervisor-level CSRs with the same select value may be defined by an extension as partial or full aliases with respect to each other.,MSISELECT_ALIASING,no,NORM_DIRECT,enum,medium,newly discovered
indirect-csr.adoc,58,miselect is a WARL register.,MISELECT_LEGAL_VALUES,no,NORM_CSR_WARL,set,high,newly discovered
indirect-csr.adoc,60,The miselect register implements at least enough bits to support all implemented miselect values (corresponding to the implemented extensions that utilize miselect/mireg* to indirectly access register state).,MISELECT_WIDTH,no,NORM_DIRECT,range,high,newly discovered
indirect-csr.adoc,62,The miselect register may be read-only zero if there are no extensions implemented that utilize it.,MISELECT_ACCESS,no,NORM_CSR_RW,binary,high,newly discovered
indirect-csr.adoc,108,The siselect register will support the value range 0..0xFFF at a minimum.,SISELECT_MIN_RANGE,no,NORM_CSR_WARL,range,high,newly discovered
indirect-csr.adoc,175,The vsiselect register will support the value range 0..0xFFF at a minimum.,VSISELECT_MIN_RANGE,no,NORM_CSR_WARL,range,high,newly discovered
indirect-csr.adoc,238,"If extension Smstateen is implemented together with Smcsrind, bit 60 of state-enable register mstateen0 controls access to siselect, sireg*, vsiselect, and vsireg*.",MSTATEEN_CSRIND_TYPE,yes,NORM_CSR_RW,binary,high,
indirect-csr.adoc,249,"If the hypervisor extension is implemented, the same bit is defined also in hypervisor CSR hstateen0, but controls access to only siselect and sireg*",HSTATEEN_CSRIND_TYPE,yes,NORM_CSR_RW,binary,high,
intro.adoc,127,"The implementation of a RISC-V execution environment can be pure hardware, pure software, or a combination of hardware and software. For example, opcode traps and software emulation can be used to implement functionality not provided in hardware.",EXECUTION_ENVIRONMENT_IMPLEMENTATION,no,NORM_DIRECT,enum,medium,newly discovered
intro.adoc,234,"There are two primary base integer variants, RV32I and RV64I, described in <<rv32>> and <<rv64>>, which provide 32-bit or 64-bit address spaces respectively.",BASE_INTEGER_VARIANT,no,NORM_DIRECT,enum,high,newly discovered
intro.adoc,235,We use the term XLEN to refer to the width of an integer register in bits (either 32 or 64).,MXLEN,yes,NORM_DIRECT,enum,high,
intro.adoc,239,The base integer instruction sets use a two's-complement representation for signed integer values.,SIGNED_INTEGER_REPRESENTATION,no,NORM_DIRECT,value,high,newly discovered
intro.adoc,512,"We use the term ILEN (measured in bits) to refer to the maximum instruction length supported by an implementation, and which is always a multiple of IALIGN. For implementations supporting only a base instruction set, ILEN is 32 bits. Implementations supporting longer instructions have larger values of ILEN.",ILEN,no,NORM_DIRECT,range,high,newly discovered
intro.adoc,580,"RISC-V base ISAs have either little-endian or big-endian memory systems, with the privileged architecture further defining bi-endian operation.",MEMORY_ENDIANNESS,no,NORM_DIRECT,enum,high,newly discovered
machine.adoc,23,a value of zero can be returned to indicate the `misa` register has not been implemented,MISA_CSR_IMPLEMENTED,yes,NORM_CSR_RW,binary,high,
machine.adoc,67,The Extensions field is a *WARL* field that can contain writable bits where the implementation allows the supported ISA to be modified.,MUTABLE_MISA_A,yes,NORM_CSR_RW,binary,high,
machine.adoc,67,The Extensions field is a *WARL* field that can contain writable bits where the implementation allows the supported ISA to be modified.,MUTABLE_MISA_B,yes,NORM_CSR_RW,binary,high,
machine.adoc,67,The Extensions field is a *WARL* field that can contain writable bits where the implementation allows the supported ISA to be modified.,MUTABLE_MISA_C,yes,NORM_CSR_RW,binary,high,
machine.adoc,67,The Extensions field is a *WARL* field that can contain writable bits where the implementation allows the supported ISA to be modified.,MUTABLE_MISA_D,yes,NORM_CSR_RW,binary,high,
machine.adoc,67,The Extensions field is a *WARL* field that can contain writable bits where the implementation allows the supported ISA to be modified.,MUTABLE_MISA_F,yes,NORM_CSR_RW,binary,high,
machine.adoc,67,The Extensions field is a *WARL* field that can contain writable bits where the implementation allows the supported ISA to be modified.,MUTABLE_MISA_H,yes,NORM_CSR_RW,binary,high,
machine.adoc,67,The Extensions field is a *WARL* field that can contain writable bits where the implementation allows the supported ISA to be modified.,MUTABLE_MISA_M,yes,NORM_CSR_RW,binary,high,
machine.adoc,67,The Extensions field is a *WARL* field that can contain writable bits where the implementation allows the supported ISA to be modified.,MUTABLE_MISA_Q,yes,NORM_CSR_RW,binary,high,
machine.adoc,67,The Extensions field is a *WARL* field that can contain writable bits where the implementation allows the supported ISA to be modified.,MUTABLE_MISA_S,yes,NORM_CSR_RW,binary,high,
machine.adoc,67,The Extensions field is a *WARL* field that can contain writable bits where the implementation allows the supported ISA to be modified.,MUTABLE_MISA_U,yes,NORM_CSR_RW,binary,high,
machine.adoc,67,The Extensions field is a *WARL* field that can contain writable bits where the implementation allows the supported ISA to be modified.,MUTABLE_MISA_V,yes,NORM_CSR_RW,binary,high,
machine.adoc,201,a value of 0 can be returned to indicate the field is not implemented,VENDOR_ID_BANK,yes,NORM_DIRECT,value,high,
machine.adoc,201,a value of 0 can be returned to indicate the field is not implemented,VENDOR_ID_OFFSET,yes,NORM_DIRECT,value,high,
machine.adoc,244,a value of 0 can be returned to indicate the field is not implemented,ARCH_ID_VALUE,yes,NORM_DIRECT,value,high,
machine.adoc,244,a value of 0 can be returned to indicate the field is not implemented,MARCHID_IMPLEMENTED,yes,NORM_CSR_RW,binary,high,
machine.adoc,275,a value of 0 can be returned to indicate that the field is not implemented,IMP_ID_VALUE,yes,NORM_DIRECT,value,high,
machine.adoc,275,a value of 0 can be returned to indicate that the field is not implemented,MIMPID_IMPLEMENTED,yes,NORM_CSR_RW,binary,high,
machine.adoc,679,"The MBE, SBE, and UBE bits in `mstatus` and `mstatush` are *WARL* fields",M_MODE_ENDIANNESS,yes,NORM_CSR_WARL,enum,high,
machine.adoc,681,an implementation may make SBE be a read-only copy of MBE,S_MODE_ENDIANNESS,yes,NORM_CSR_RW,enum,high,
machine.adoc,1000,an implementation may make UBE be a read-only copy of either MBE or SBE,U_MODE_ENDIANNESS,yes,NORM_CSR_RW,enum,high,
machine.adoc,1014,it is implementation-defined whether FS transitions to Dirty,HW_MSTATUS_FS_DIRTY_UPDATE,yes,SW_RULE,enum,medium,
machine.adoc,1095,an implementation may make SXL be a read-only field whose value always ensures that SXLEN=MXLEN,SXLEN,yes,NORM_CSR_WARL,enum,high,
machine.adoc,1100,an implementation may make UXL be a read-only field whose value always ensures that UXLEN=MXLEN or UXLEN=SXLEN,UXLEN,yes,NORM_CSR_WARL,enum,high,
machine.adoc,1217,"The `mtvec` register must always be implemented, but can contain a read-only value",MTVEC_ACCESS,yes,NORM_CSR_RW,binary,high,
machine.adoc,1219,"If `mtvec` is writable, the set of values the register may hold can vary by implementation",MTVEC_MODES,yes,NORM_CSR_WARL,set,high,
machine.adoc,1223,The value in the BASE field must always be aligned on a 4-byte boundary,MTVEC_BASE_ALIGNMENT_DIRECT,yes,NORM_CSR_WARL,range,high,
machine.adoc,1224,the MODE setting may impose additional alignment constraints on the value in the BASE field,MTVEC_BASE_ALIGNMENT_VECTORED,yes,NORM_CSR_WARL,range,high,
machine.adoc,1334,"An implementation can choose to subset the delegatable traps, with the supported delegatable bits found by writing one to every bit location, then reading back the value",MEDELEG_WARL_MASK,no,NORM_CSR_WARL,bitmask,high,newly discovered
machine.adoc,1334,"An implementation can choose to subset the delegatable traps, with the supported delegatable bits found by writing one to every bit location, then reading back the value",MIDELEG_WARL_MASK,no,NORM_CSR_WARL,bitmask,high,newly discovered
machine.adoc,1413,Each individual bit in register `mip` may be writable or may be read-only,MIP_WRITABLE_MASK,no,NORM_CSR_RW,bitmask,high,newly discovered
machine.adoc,1418,A bit in `mie` must be writable if the corresponding interrupt can ever become pending,MIE_WRITABLE_MASK,no,NORM_CSR_RW,bitmask,high,newly discovered
machine.adoc,1524,The counter-enable `mcounteren` register is a 32-bit register,MCOUNTENABLE_EN,yes,NORM_CSR_RW,bitmask,high,
machine.adoc,1572,"Implementations can convert reads of the `time` and `timeh` CSRs into loads to the memory-mapped `mtime` register, or emulate this functionality",TIME_CSR_IMPLEMENTED,yes,NORM_DIRECT,binary,high,
machine.adoc,1669,The counter-inhibit register `mcountinhibit` is a 32-bit *WARL* register,COUNTINHIBIT_EN,yes,NORM_CSR_RW,bitmask,high,
machine.adoc,2079,The `mtval` register can optionally also be used to return the faulting instruction bits on an illegal-instruction exception,REPORT_ENCODING_IN_MTVAL_ON_ILLEGAL_INSTRUCTION,yes,NORM_DIRECT,binary,high,
machine.adoc,2154,"The `mconfigptr` register must be implemented, but it may be zero to indicate the configuration data structure does not exist",CONFIG_PTR_ADDRESS,yes,NORM_DIRECT,value,high,
machine.adoc,2189,"If S-mode is not supported, or if `satp`.MODE is read-only zero (always Bare), the implementation may make FIOM read-only zero",MENVCFG_FIOM_IMPLEMENTED,no,NORM_CSR_RW,binary,high,newly discovered
machine.adoc,2207,"If Svpbmt is not implemented, PBMTE is read-only zero",MENVCFG_PBMTE_IMPLEMENTED,no,NORM_CSR_RW,binary,high,newly discovered
machine.adoc,2226,"If Svadu is not implemented, ADUE is read-only zero",MENVCFG_ADUE_IMPLEMENTED,no,NORM_CSR_RW,binary,high,newly discovered
machine.adoc,2237,"If Smcdeleg is not implemented, CDE is read-only zero",MENVCFG_CDE_IMPLEMENTED,no,NORM_CSR_RW,binary,high,newly discovered
machine.adoc,2241,"When the Sstc extension is not implemented, `STCE` is read-only zero",MENVCFG_STCE_IMPLEMENTED,no,NORM_CSR_RW,binary,high,newly discovered
machine.adoc,2252,"When the Zicboz extension is not implemented, `CBZE` is read-only zero",MENVCFG_CBZE_IMPLEMENTED,no,NORM_CSR_RW,binary,high,newly discovered
machine.adoc,2259,"When the Zicbom extension is not implemented, `CBCFE` is read-only zero",MENVCFG_CBCFE_IMPLEMENTED,no,NORM_CSR_RW,binary,high,newly discovered
machine.adoc,2262,The Zicbom extension adds the `CBIE` (Cache Block Invalidate instruction Enable) WARL field to `menvcfg`,MENVCFG_CBIE_LEGAL_VALUES,no,NORM_CSR_WARL,set,high,newly discovered
machine.adoc,2281,"If Smnpm is not implemented, `PMM` is read-only zero. The `PMM` field is read-only zero for RV32",MENVCFG_PMM_IMPLEMENTED,no,NORM_CSR_RW,binary,high,newly discovered
machine.adoc,2308,"When `menvcfg.SSE` is 0, the `henvcfg.SSE` and `senvcfg.SSE` fields are read-only zero",MENVCFG_SSE_IMPLEMENTED,no,NORM_CSR_RW,binary,high,newly discovered
machine.adoc,2314,"When Ssdbltrp is not implemented `sstatus.SDT`, `vsstatus.SDT`, and `henvcfg.DTE` bits are read-only zero",MENVCFG_DTE_IMPLEMENTED,no,NORM_CSR_RW,binary,high,newly discovered
machine.adoc,2336,"If Zkr or U-mode is not implemented, `USEED` is read-only zero",MSECCFG_USEED_IMPLEMENTED,no,NORM_CSR_RW,binary,high,newly discovered
machine.adoc,2342,"If Zkr or S-mode is not implemented, `SSEED` is read-only zero",MSECCFG_SSEED_IMPLEMENTED,no,NORM_CSR_RW,binary,high,newly discovered
machine.adoc,2463,"If Smmpm is not implemented, `PMM` is read-only zero. The `PMM` field is read-only zero for RV32",MSECCFG_PMM_IMPLEMENTED,no,NORM_CSR_RW,binary,high,newly discovered
machine.adoc,3335,"Certain regions' privileges can be hardwired—for example, some regions might only ever be visible in machine mode but in no lower-privilege layers.",PMP_HARDWIRED_REGIONS,no,NORM_DIRECT,set,medium,newly discovered
machine.adoc,3340,"Implementations may implement zero, 16, or 64 PMP entries",NUM_PMP_ENTRIES,yes,NORM_DIRECT,enum,high,
machine.adoc,3342,The granularity of PMP access control settings are platform-specific,PMP_GRANULARITY,yes,NORM_DIRECT,range,high,
machine.adoc,3347,"Optionally, PMP checks may additionally apply to M-mode accesses, in which case the PMP registers themselves are locked, so that even M-mode software cannot change them until the hart is reset.",PMP_MMODE_LOCKING,no,NORM_DIRECT,binary,high,newly discovered
machine.adoc,3357,All PMP CSR fields are WARL and may be read-only zero.,PMP_CSR_FIELDS_WARL,no,NORM_CSR_RW,bitmask,high,newly discovered
machine.adoc,3386,"Not all physical address bits may be implemented, and so the `pmpaddr` registers are WARL.",PMPADDR_WARL_MASK,no,NORM_CSR_WARL,bitmask,high,newly discovered
machine.adoc,3399,"The R, W, and X fields form a collective WARL field for which the combinations with R=0 and W=1 are reserved.",PMP_RWX_WARL_VALUES,no,NORM_CSR_WARL,set,high,newly discovered
machine.adoc,3470,"Although the PMP mechanism supports regions as small as four bytes, platforms may specify coarser PMP regions. In general, the PMP grain is 2^G+2^ bytes and must be the same across all PMP regions.",PMP_GRAIN_G,no,NORM_DIRECT,value,high,newly discovered
priv-cfi.adoc,82,"When a trap is taken into privilege mode `x`, the `__x__PELP` is set to `ELP` and `ELP` is set to `NO_LP_EXPECTED`.",REPORT_CAUSE_IN_MTVAL_ON_LANDING_PAD_SOFTWARE_CHECK,yes,NORM_DIRECT,binary,medium,
priv-cfi.adoc,82,"When a trap is taken into privilege mode `x`, the `__x__PELP` is set to `ELP` and `ELP` is set to `NO_LP_EXPECTED`.",REPORT_CAUSE_IN_STVAL_ON_LANDING_PAD_SOFTWARE_CHECK,yes,NORM_DIRECT,binary,medium,
priv-cfi.adoc,82,"When a trap is taken into privilege mode `x`, the `__x__PELP` is set to `ELP` and `ELP` is set to `NO_LP_EXPECTED`.",REPORT_CAUSE_IN_VSTVAL_ON_LANDING_PAD_SOFTWARE_CHECK,yes,NORM_DIRECT,binary,medium,
priv-cfi.adoc,268,"If a shadow stack (SS) instruction raises an access-fault, page-fault, or guest-page-fault exception that is supposed to indicate the original instruction type (load or store/AMO), then the reported exception cause is respectively a store/AMO access fault (code 7), a store/AMO page fault (code 15), or a store/AMO guest-page fault (code 23).",REPORT_CAUSE_IN_MTVAL_ON_SHADOW_STACK_SOFTWARE_CHECK,yes,NORM_DIRECT,binary,medium,
priv-cfi.adoc,268,"If a shadow stack (SS) instruction raises an access-fault, page-fault, or guest-page-fault exception that is supposed to indicate the original instruction type (load or store/AMO), then the reported exception cause is respectively a store/AMO access fault (code 7), a store/AMO page fault (code 15), or a store/AMO guest-page fault (code 23).",REPORT_CAUSE_IN_STVAL_ON_SHADOW_STACK_SOFTWARE_CHECK,yes,NORM_DIRECT,binary,medium,
priv-cfi.adoc,268,"If a shadow stack (SS) instruction raises an access-fault, page-fault, or guest-page-fault exception that is supposed to indicate the original instruction type (load or store/AMO), then the reported exception cause is respectively a store/AMO access fault (code 7), a store/AMO page fault (code 15), or a store/AMO guest-page fault (code 23).",REPORT_CAUSE_IN_VSTVAL_ON_SHADOW_STACK_SOFTWARE_CHECK,yes,NORM_DIRECT,binary,medium,
priv-csrs.adoc,60,Implementations should raise illegal-instruction exceptions on machine-mode access to the latter set of registers.,DEBUG_CSR_ACCESS_CONTROL,no,NORM_DIRECT,binary,medium,newly discovered
priv-csrs.adoc,1134,"For forward compatibility, implementations that do not furnish these fields must make them read-only zero.",WPRI_FIELDS_IMPLEMENTATION,no,NORM_CSR_RW,binary,high,newly discovered
priv-csrs.adoc,1179,Implementations are permitted but not required to raise an illegal-instruction exception if an instruction attempts to write a non-supported value to a *WLRL* field.,TRAP_ON_ILLEGAL_WLRL,yes,NORM_DIRECT,binary,high,
priv-intro.adoc,134,Implementations might provide anywhere from 1 to 3 privilege modes,NUM_PRIVILEGE_MODES,no,NORM_DIRECT,range,high,newly discovered
priv-intro.adoc,185,Implementations may also include a debug mode to support off-chip debugging and/or manufacturing test.,DEBUG_MODE_IMPLEMENTED,no,NORM_DIRECT,binary,high,newly discovered
rnmi.adoc,23,The RNMI interrupt trap handler address is implementation-defined.,RNMI_TRAP_HANDLER_ADDRESS,no,NON_ISA,value,high,newly discovered
rnmi.adoc,25,"RNMI also has an associated exception trap handler address, which is implementation defined.",RNMI_EXCEPTION_TRAP_HANDLER_ADDRESS,no,NON_ISA,value,high,"needs review: multiple UDB matches (TRAP_ON_ECALL_FROM_M, TRAP_ON_ECALL_FROM_S, TRAP_ON_ECALL_FROM_U, TRAP_ON_ECALL_FROM_VS)"
rnmi.adoc,62,"Prior to writing `mnepc`, implementations may convert an invalid address into some other invalid address that `mnepc` is capable of holding.",MNEPC_INVALID_ADDRESS_CONVERSION,no,NORM_DIRECT,binary,high,newly discovered
rnmi.adoc,70,"If the reason is an interrupt and RNMI causes are not supported, bit MXLEN-1 is set to 1, and zero is written to the least-significant bits.",RNMI_CAUSE_CODES_SUPPORTED,no,NORM_DIRECT,binary,high,newly discovered
rv32.adoc,598,The EEI will define whether the memory system is little-endian or big-endian.,ENDIANNESS_LITTLE_OR_BIG,no,NON_ISA,binary,high,newly discovered
rv32.adoc,635,"Loads and stores whose effective address is not naturally aligned to the referenced datatype (i.e., the effective address is not divisible by the size of the access in bytes) have behavior dependent on the EEI.",MISALIGNED_LDST_EEI_DEPENDENT_BEHAVIOR,no,NON_ISA,enum,high,newly discovered
rv32.adoc,641,misaligned loads and stores can be handled in hardware,MISALIGNED_LDST_FULLY_HW_SUPPORTED,no,NORM_DIRECT,binary,high,newly discovered
rv32.adoc,642,via an invisible trap into the execution environment implementation,MISALIGNED_LDST_INVISIBLE_TRAP,no,NORM_DIRECT,binary,high,newly discovered
rv32.adoc,643,combination of hardware and invisible trap depending on address,MISALIGNED_LDST_HW_OR_INVISIBLE_TRAP_FUNC_OF_ADDR,no,NORM_DIRECT,binary,high,newly discovered
rv32.adoc,646,loads and stores that are not naturally aligned may either complete execution successfully or raise an exception,MISALIGNED_LDST_FULLY_HW_SUPPORTED_OR_VISIBLE_TRAP,no,NORM_DIRECT,binary,high,newly discovered
rv32.adoc,653,"When an EEI does not guarantee misaligned loads and stores are handled invisibly, the EEI must define if exceptions caused by address misalignment result in a contained trap (allowing software running inside the execution environment to handle the trap) or a fatal trap (terminating execution).",MISALIGNED_LDST_CONTAINED_OR_FATAL_TRAP,no,NON_ISA,binary,high,newly discovered
rv64.adoc,16,"These ""*W"" instructions ignore the upper 32 bits of their inputs and always produce 32-bit signed values, sign-extending them to 64 bits, i.e. bits XLEN-1 through 31 are equal.",RV64_W_INSTRUCTION_BEHAVIOR,no,NORM_DIRECT,binary,high,newly discovered
rv64.adoc,67,"SLLIW, SRLIW, and SRAIW encodings with _imm[5] {ne} 0_ are reserved.",SLLIW_SRLIW_SRAIW_IMM5_HANDLING,no,NORM_DIRECT,enum,medium,newly discovered
rvwmo.adoc,108,A misaligned load or store instruction may be decomposed into a set of component memory operations of any granularity.,MISALIGNED_SPLIT_STRATEGY,yes,NORM_DIRECT,enum,high,
rvwmo.adoc,109,A floating-point load or store of more than XLEN bits may also be decomposed into a set of component memory operations of any granularity.,FP_LDST_DECOMPOSITION_STRATEGY,no,NORM_DIRECT,enum,high,newly discovered
scalar-crypto.adoc,372,The entropy source extension defines the `seed` CSR at address `0x015`.,SEED_CSR_ADDRESS,no,NORM_DIRECT,value,high,newly discovered
scalar-crypto.adoc,3530,Attempts to access the `seed` CSR using a read-only CSR-access instruction (`CSRRS`/`CSRRC` with _rs1_=`x0` or `CSRRSI`/`CSRRCI` with _uimm_=0) raise an illegal-instruction exception; any other CSR-access instruction may be used to access `seed`.,SEED_CSR_ACCESS_CONTROL,no,NORM_DIRECT,binary,high,newly discovered
scalar-crypto.adoc,3548,"The `seed` CSR is also access controlled by execution mode, and attempted read or write access will raise an illegal-instruction exception outside M mode unless access is explicitly granted.",SEED_CSR_MODE_ACCESS,no,NORM_DIRECT,enum,high,newly discovered
scalar-crypto.adoc,3567,An implementation may safely set reserved and custom bits to zeros.,SEED_CSR_RESERVED_BITS,no,NORM_DIRECT,bitmask,medium,newly discovered
scalar-crypto.adoc,3754,"Implementations may implement `mseccfg` such that `[s,u]seed` is a read-only constant value `0`.",MSECCFG_SEED_FIELDS_IMPLEMENTED,no,NORM_CSR_RW,binary,high,newly discovered
scalar-crypto.adoc,3762,The Zkt extension attests that the machine has data-independent execution time for a safe subset of instructions.,ZKT_IMPLEMENTED,no,NORM_DIRECT,binary,high,newly discovered
scalar-crypto.adoc,3810,"Vendors do not have to implement all of the list's instructions to be Zkt compliant; however, if they claim to have Zkt and implement any of the listed instructions, it must have data-independent latency.",ZKT_INSTRUCTION_SUBSET,no,NORM_DIRECT,set,high,newly discovered
scalar-crypto.adoc,5549,"When not implemented (e.g., in virtual machines), `mnoise` can permanently read zero (`0x00000000`) and ignore writes.",MNOISE_CSR_IMPLEMENTED,no,NORM_DIRECT,binary,medium,newly discovered
scalar-crypto.adoc,5551,"When available, but `NOISE_TEST = 0`, `mnoise` can return a nonzero constant (e.g. `0x00000001`) but no noise samples.",MNOISE_CSR_IDLE_VALUE,no,NORM_DIRECT,value,medium,newly discovered
smcdeleg.adoc,32,"When the Smcdeleg/Ssccfg extensions are enabled (`menvcfg`.CDE=1), it further allows M-mode to delegate select counters to S-mode.",SMCDELEG_SSCCFG_SUPPORT,no,NORM_DIRECT,binary,high,newly discovered
smcdeleg.adoc,82,"If any extension upon which the underlying state depends is not implemented, an attempt from M or S mode to access the given state through `sireg*` raises an illegal-instruction exception.",SMCNTRPMF_SUPPORT,no,NORM_DIRECT,binary,high,newly discovered
smcdeleg.adoc,82,"If any extension upon which the underlying state depends is not implemented, an attempt from M or S mode to access the given state through `sireg*` raises an illegal-instruction exception.",SSCOFPMF_SUPPORT,no,NORM_DIRECT,binary,high,newly discovered
smcdeleg.adoc,82,"If any extension upon which the underlying state depends is not implemented, an attempt from M or S mode to access the given state through `sireg*` raises an illegal-instruction exception.",ZICNTR_SUPPORT,no,NORM_DIRECT,binary,high,newly discovered
smcdeleg.adoc,82,"If any extension upon which the underlying state depends is not implemented, an attempt from M or S mode to access the given state through `sireg*` raises an illegal-instruction exception.",ZIHPM_SUPPORT,no,NORM_DIRECT,binary,high,newly discovered
smcdeleg.adoc,118,the local-counter-overflow interrupt (LCOFI) bit (bit 13) in each of CSRs `mvip` and `mvien` is implemented and writable.,MVIEN_LCOFI_IMPLEMENTED,no,NORM_CSR_RW,binary,high,newly discovered
smcdeleg.adoc,118,the local-counter-overflow interrupt (LCOFI) bit (bit 13) in each of CSRs `mvip` and `mvien` is implemented and writable.,MVIP_LCOFI_IMPLEMENTED,no,NORM_CSR_RW,binary,high,newly discovered
smcdeleg.adoc,123,the LCOFI bit (bit 13) in each of `hvip` and `hvien` is implemented and writable.,HVIEN_LCOFI_IMPLEMENTED,no,NORM_CSR_RW,binary,high,newly discovered
smcdeleg.adoc,123,the LCOFI bit (bit 13) in each of `hvip` and `hvien` is implemented and writable.,HVIP_LCOFI_IMPLEMENTED,no,NORM_CSR_RW,binary,high,newly discovered
smcntrpmf.adoc,35,"For each bit in 61:58, if the associated privilege mode is not implemented, the bit is read-only zero.",MCYCLECFG_PRIVILEGE_MODE_BITS,no,NORM_CSR_RW,bitmask,high,newly discovered
smctr.adoc,9,The number of records that can be held in the buffer depends upon both the implementation (the maximum supported depth) and the CTR configuration (the software selected depth).,CTR_MAX_DEPTH,no,NORM_DIRECT,value,high,newly discovered
smctr.adoc,108,"All fields are optional except for M, S, U, and BPFRZ. All unimplemented fields are read-only 0, while all implemented fields are writable.",MCTRCTL_FIELD_SUPPORT,no,NORM_CSR_RW,bitmask,high,newly discovered
smctr.adoc,108,"If the Sscofpmf extension is implemented, LCOFIFRZ must be writable.",MCTRCTL_LCOFIFRZ_CONDITIONAL,no,NORM_CSR_RW,binary,high,newly discovered
smctr.adoc,162,It is implementation-specific which DEPTH value(s) are supported.,SCTRDEPTH_SUPPORTED_VALUES,no,NORM_CSR_WARL,set,high,newly discovered
smctr.adoc,217,The optional MISP bit is set by the hardware when the recorded transfer is an instruction whose target or taken/not-taken direction was mispredicted by the branch predictor. MISP is read-only 0 when not implemented.,CTRTARGET_MISP_SUPPORT,no,NORM_CSR_RW,binary,high,newly discovered
smctr.adoc,227,"This register must be implemented, though all fields within it are optional. Unimplemented fields are read-only 0.",CTRDATA_FIELD_SUPPORT,no,NORM_CSR_RW,bitmask,high,newly discovered
smctr.adoc,244,Implementations that do not support this field will report 0.,CTRDATA_TYPE_SUPPORT,no,NORM_CSR_RW,binary,high,newly discovered
smctr.adoc,456,"If external trap recording is implemented, `mctrctl`.MTE and `sctrctl`.STE must be implemented, while `vsctrctl`.STE must be implemented if the H extension is implemented.",EXTERNAL_TRAP_RECORDING_SUPPORT,no,NORM_DIRECT,binary,high,newly discovered
smctr.adoc,459,All transfer type filter bits are optional.,TRANSFER_TYPE_FILTER_SUPPORT,no,NORM_CSR_RW,bitmask,high,newly discovered
smctr.adoc,520,The `ctrdata` register may optionally include a count of CPU cycles elapsed since the prior CTR record.,CYCLE_COUNTING_SUPPORT,no,NORM_DIRECT,binary,high,newly discovered
smctr.adoc,540,"An implementation that supports cycle counting must implement CCV and all CCM bits, but may implement 0..4 exponent bits in CCE. Unimplemented CCE bits are read-only 0.",CCE_WIDTH,no,NORM_CSR_RW,range,high,newly discovered
smctr.adoc,572,"When the optional `__x__ctrctl`.RASEMU bit is implemented and set to 1, transfer recording behavior is altered to emulate the behavior of a return-address stack (RAS).",RASEMU_SUPPORT,no,NORM_CSR_RW,binary,high,newly discovered
smdbltrp.adoc,13,The extension introduces a mechanism to enter Debug Mode instead of asserting a critical-error signal to the platform when the hart is in a critical error state.,SMDBLTRP_DEBUG_MODE_ON_CRITICAL_ERROR,no,NORM_DIRECT,binary,medium,newly discovered
smepmp.adoc,44,"this extension introduces the `RLB`, `MMWP`, and `MML` fields in the `mseccfg` CSR and their associated rules.",MSECCFG_MML_IMPLEMENTED,no,NORM_CSR_RW,binary,high,newly discovered
smepmp.adoc,44,"this extension introduces the `RLB`, `MMWP`, and `MML` fields in the `mseccfg` CSR and their associated rules.",MSECCFG_MMWP_IMPLEMENTED,no,NORM_CSR_RW,binary,high,newly discovered
smepmp.adoc,44,"this extension introduces the `RLB`, `MMWP`, and `MML` fields in the `mseccfg` CSR and their associated rules.",MSECCFG_RLB_IMPLEMENTED,no,NORM_CSR_RW,binary,high,newly discovered
smepmp.adoc,69,"Since all fields defined in ``mseccfg`` as part of this extension are locked when set (``MMWP``/``MML``) or locked when cleared (``RLB``), software can't poll them for determining the presence of Smepmp.",SMEPMP_EXTENSION_IMPLEMENTED,no,NORM_DIRECT,binary,high,newly discovered
smstateen.adoc,127,"Each standard-defined bit of a `stateen` CSR is WARL and may be read-only zero or one, subject to the following conditions.",HSTATEEN_AIA_TYPE,yes,NORM_CSR_RW,enum,high,
smstateen.adoc,127,"Each standard-defined bit of a `stateen` CSR is WARL and may be read-only zero or one, subject to the following conditions.",HSTATEEN_CONTEXT_TYPE,yes,NORM_CSR_RW,enum,high,
smstateen.adoc,127,"Each standard-defined bit of a `stateen` CSR is WARL and may be read-only zero or one, subject to the following conditions.",HSTATEEN_ENVCFG_TYPE,yes,NORM_CSR_RW,enum,high,
smstateen.adoc,127,"Each standard-defined bit of a `stateen` CSR is WARL and may be read-only zero or one, subject to the following conditions.",HSTATEEN_IMSIC_TYPE,yes,NORM_CSR_RW,enum,high,
smstateen.adoc,127,"Each standard-defined bit of a `stateen` CSR is WARL and may be read-only zero or one, subject to the following conditions.",MSTATEEN_AIA_TYPE,yes,NORM_CSR_RW,enum,high,
smstateen.adoc,127,"Each standard-defined bit of a `stateen` CSR is WARL and may be read-only zero or one, subject to the following conditions.",MSTATEEN_CONTEXT_TYPE,yes,NORM_CSR_RW,enum,high,
smstateen.adoc,127,"Each standard-defined bit of a `stateen` CSR is WARL and may be read-only zero or one, subject to the following conditions.",MSTATEEN_ENVCFG_TYPE,yes,NORM_CSR_RW,enum,high,
smstateen.adoc,127,"Each standard-defined bit of a `stateen` CSR is WARL and may be read-only zero or one, subject to the following conditions.",MSTATEEN_IMSIC_TYPE,yes,NORM_CSR_RW,enum,high,
smstateen.adoc,127,"Each standard-defined bit of a `stateen` CSR is WARL and may be read-only zero or one, subject to the following conditions.",MSTATEEN_JVT_TYPE,yes,NORM_CSR_RW,enum,high,
smstateen.adoc,127,"Each standard-defined bit of a `stateen` CSR is WARL and may be read-only zero or one, subject to the following conditions.",SSTATEEN_JVT_TYPE,yes,NORM_CSR_RW,enum,high,
sscofpmf.adoc,48,"For each ``x``INH bit, if the associated privilege mode is not implemented, the bit is read-only zero.",MHPMEVENT_INH_BITS_IMPLEMENTED,no,NORM_CSR_RW,bitmask,high,newly discovered
ssdbltrp.adoc,10,The Ssdbltrp extension adds the `menvcfg`.DTE (See <<sec:menvcfg>>) and the `sstatus`.SDT fields (See <<sstatus>>).,SSDBLTRP_EXTENSION,no,NORM_DIRECT,binary,high,newly discovered
ssdbltrp.adoc,11,"If the hypervisor extension is additionally implemented, then the extension adds the `henvcfg`.DTE (See <<sec:henvcfg>>) and the `vsstatus`.SDT fields (See <<vsstatus>>).",HYPERVISOR_EXTENSION,no,NORM_DIRECT,binary,high,newly discovered
sstc.adoc,21,This extension adds the S-level `stimecmp` CSR (<<stimecmp>>),STIMECMP_IMPLEMENTED,no,NORM_DIRECT,binary,high,newly discovered
sstc.adoc,21,and the VS-level `vstimecmp` CSR (<<vstimecmp>>).,VSTIMECMP_IMPLEMENTED,no,NORM_DIRECT,binary,high,newly discovered
sstc.adoc,22,This extension adds the `STCE` bit to the `menvcfg` (<<sec:menvcfg>>) and `henvcfg` (<<sec:henvcfg>>) CSRs.,STCE_BIT_IMPLEMENTED,no,NORM_DIRECT,binary,high,newly discovered
supervisor.adoc,127,"When SXLEN=64, it is a *WARL* field that encodes the current value of UXLEN. In particular, an implementation may make UXL be a read-only field whose value always ensures that UXLEN=SXLEN.",SSTATUS_UXL_ACCESS,no,NORM_CSR_RW,binary,high,newly discovered
supervisor.adoc,142,"When such a HINT is executed with XLEN < SXLEN and bits SXLEN..XLEN of the destination register not all equal to bit XLEN-1, it is implementation-defined whether bits SXLEN..XLEN of the destination register are unchanged or are overwritten with copies of bit XLEN-1.",HINT_SXLEN_PARAM,no,NORM_DIRECT,binary,high,newly discovered
supervisor.adoc,189,SUM is read-only 0 if `satp`.MODE is read-only 0.,SSTATUS_SUM_ACCESS,no,NORM_CSR_RW,binary,high,newly discovered
supervisor.adoc,218,"The UBE bit is a *WARL* field that controls the endianness of explicit memory accesses made from U-mode, which may differ from the endianness of memory accesses in S-mode. An implementation may make UBE be a read-only field that always specifies the same endianness as for S-mode.",SSTATUS_UBE_ACCESS,no,NORM_CSR_RW,enum,high,newly discovered
supervisor.adoc,244,The S-mode-disable-trap (`SDT`) bit is a WARL field introduced by the Ssdbltrp extension to address double trap,SSTATUS_SDT_ACCESS,no,NORM_CSR_RW,binary,high,newly discovered
supervisor.adoc,378,Each individual bit in register `sip` may be writable or may be read-only.,SIP_ACCESS,no,NORM_CSR_RW,bitmask,high,newly discovered
supervisor.adoc,384,A bit in `sie` must be writable if the corresponding interrupt can ever become pending. Bits of `sie` that are not writable are read-only zero.,SIE_ACCESS,no,NORM_CSR_RW,bitmask,high,newly discovered
supervisor.adoc,442,"Each standard interrupt type (SEI, STI, SSI, or LCOFI) may not be implemented, in which case the corresponding interrupt-pending and interrupt-enable bits are read-only zeros.",SIP_SIE_UNIMPL,no,NORM_CSR_RW,bitmask,high,newly discovered
supervisor.adoc,481,"`scounteren` must be implemented. However, any of the bits may be read-only zero, indicating reads to the corresponding counter will cause an exception when executing in U-mode. Hence, they are effectively *WARL* fields.",SCOUNTEREN_ACCESS,no,NORM_CSR_RW,bitmask,high,newly discovered
supervisor.adoc,516,`sepc` is a *WARL* register that must be able to hold all valid virtual addresses. It need not be capable of holding all possible invalid addresses.,SEPC_WARL_VALUES,no,NORM_CSR_WARL,set,high,newly discovered
supervisor.adoc,540,"The Exception Code is a *WLRL* field. It is required to hold the values 0–31 (i.e., bits 4–0 must be implemented), but otherwise it is only guaranteed to hold supported exception codes.",SCAUSE_EXCEPTION_CODE_WARL_VALUES,no,NORM_CSR_WARL,set,high,newly discovered
supervisor.adoc,598,The `stval` register can optionally also be used to return the faulting instruction bits on an illegal-instruction exception,REPORT_ENCODING_IN_STVAL_ON_ILLEGAL_INSTRUCTION,yes,NORM_DIRECT,binary,high,
supervisor.adoc,625,`stval` is a *WARL* register that must be able to hold all valid virtual addresses and the value 0. It need not be capable of holding all possible invalid addresses.,STVAL_WARL_VALUES,no,NORM_CSR_WARL,set,high,newly discovered
supervisor.adoc,670,"If `satp`.MODE is read-only zero (always Bare), the implementation may make FIOM read-only zero.",SENVCFG_FIOM_ACCESS,no,NORM_CSR_RW,binary,high,newly discovered
supervisor.adoc,708,"When the Zicboz extension is not implemented, `CBZE` is read-only zero.",SENVCFG_CBZE_ACCESS,no,NORM_CSR_RW,binary,high,newly discovered
supervisor.adoc,715,"When the Zicbom extension is not implemented, `CBCFE` is read-only zero.",SENVCFG_CBCFE_ACCESS,no,NORM_CSR_RW,binary,high,newly discovered
supervisor.adoc,720,"When the Zicbom extension is not implemented, `CBIE` is read-only zero.",SENVCFG_CBIE_ACCESS,no,NORM_CSR_RW,binary,high,newly discovered
supervisor.adoc,738,"If Ssnpm is not implemented, `PMM` is read-only zero. The `PMM` field is read-only zero for RV32.",SENVCFG_PMM_ACCESS,no,NORM_CSR_RW,binary,high,newly discovered
supervisor.adoc,810,"Implementations are not required to support all MODE settings, and if `satp` is written with an unsupported MODE, the entire write has no effect; no fields in `satp` are modified.",SATP_MODE_BARE,yes,NORM_CSR_WARL,binary,high,
supervisor.adoc,815,"The number of ASID bits is UNSPECIFIED and may be zero. The number of implemented ASID bits, termed _ASIDLEN_, may be determined by writing one to every bit position in the ASID field, then reading back the value in `satp` to see which bit positions in the ASID field hold a one.",ASID_WIDTH,yes,NORM_DIRECT,range,high,
supervisor.adoc,1156,"For implementations that make `satp`.MODE read-only zero (always Bare), attempts to execute an SFENCE.VMA instruction might raise an illegal-instruction exception.",TRAP_ON_SFENCE_VMA_WHEN_SATP_MODE_IS_READ_ONLY,yes,NORM_DIRECT,binary,medium,
supervisor.adoc,1372,"If Svnapot is not implemented, bit 63 remains reserved and must be zeroed by software for forward compatibility, or else a page-fault exception is raised",SVNAPOT_IMPLEMENTED,no,NORM_DIRECT,binary,high,newly discovered
supervisor.adoc,1376,"If Svpbmt is not implemented, bits 62-61 remain reserved and must be zeroed by software for forward compatibility, or else a page-fault exception is raised",SVPBMT_IMPLEMENTED,no,NORM_DIRECT,binary,high,newly discovered
supervisor.adoc,1669,Implementations may override additional PMAs not explicitly listed in <<pbmt>>.,SVPBMT_IMPL_MAY_OVERRIDE_PMAS,no,NORM_DIRECT,set,medium,newly discovered
supervisor.adoc,1851,"If the Svadu extension is implemented, the `menvcfg`.ADUE field is writable.",SVADU_IMPLEMENTED,no,NORM_DIRECT,binary,high,newly discovered
supervisor.adoc,1852,"If the hypervisor extension is additionally implemented, the `henvcfg`.ADUE field is also writable.",HYPERVISOR_IMPLEMENTED,no,NORM_DIRECT,binary,high,newly discovered
supervisor.adoc,1924,Both `RCID` and `MCID` are WARL fields.,SRMCFG_MCID_WARL_VALUES,no,NORM_CSR_WARL,range,high,newly discovered
supervisor.adoc,1924,Both `RCID` and `MCID` are WARL fields.,SRMCFG_RCID_WARL_VALUES,no,NORM_CSR_WARL,range,high,newly discovered
unpriv-cfi.adoc,71,The `LPAD` instruction (See <<LP_INST>>) is encoded using the `AUIPC` major opcode with _rd_=`x0`.,ZICFILP_LPAD_ENCODING,no,NORM_DIRECT,binary,high,newly discovered
unpriv-cfi.adoc,149,"To support labeled landing pads, the indirect call/jump sites establish an expected landing pad label (e.g., using the `LUI` instruction) in the bits 31:12 of the `x7` register.",ZICFILP_LABEL_SUPPORT,no,NORM_DIRECT,binary,high,newly discovered
unpriv-cfi.adoc,151,"The `LPAD` instruction is encoded with a 20-bit immediate value called the landing-pad-label (`LPL`) that is matched to the expected landing pad label. When `LPL` is encoded as zero, the `LPAD` instruction does not perform the label check and in programs built with this single label mode of operation the indirect call/jump sites do not need to establish an expected landing pad label value in `x7`.",ZICFILP_LPL_ENCODING,no,NORM_DIRECT,range,high,newly discovered
unpriv-cfi.adoc,179,"When Zicfilp is enabled, `LPAD` is the only instruction allowed to execute when the `ELP` state is `LP_EXPECTED`. If Zicfilp is not enabled then the instruction is a no-op.",ZICFILP_ENABLED,no,NORM_DIRECT,binary,high,newly discovered
unpriv-cfi.adoc,180,"If Zicfilp is enabled, the `LPAD` instruction causes a software-check exception with `__x__tval` set to ""landing pad fault (code=2)""",REPORT_CAUSE_IN_MTVAL_ON_LANDING_PAD_SOFTWARE_CHECK,yes,NORM_DIRECT,binary,high,
unpriv-cfi.adoc,183,The `pc` is not 4-byte aligned and `ELP` is `LP_EXPECTED`.,ZICFILP_LPAD_ALIGNMENT_REQUIREMENT,no,NORM_DIRECT,value,high,newly discovered
unpriv-cfi.adoc,184,The `ELP` is `LP_EXPECTED` and the `LPL` is not zero and the `LPL` does not match the expected landing pad label in bits 31:12 of the `x7` register.,ZICFILP_LABEL_MISMATCH_EXCEPTION,no,NORM_DIRECT,binary,high,newly discovered
unpriv-cfi.adoc,244,"When Zicfiss is enabled, each function that needs to spill the link register, typically non-leaf functions, store the link register value to the regular stack and a shadow copy of the link register value to the shadow stack when the function is entered (the prologue).",ZICFISS_ENABLED,no,NORM_DIRECT,binary,high,newly discovered
unpriv-cfi.adoc,246,"When such a function returns (the epilogue), the function loads the link register from the regular stack and the shadow copy of the link register from the shadow stack.",ZICFISS_LINK_REG_RESTORE,no,NORM_DIRECT,binary,medium,newly discovered
unpriv-cfi.adoc,247,"Then, the link register value from the regular stack and the shadow link register value from the shadow stack are compared. A mismatch of the two values is indicative of a subversion of the return address control variable and causes a software-check exception.",REPORT_CAUSE_IN_MTVAL_ON_SHADOW_STACK_SOFTWARE_CHECK,yes,NORM_DIRECT,binary,high,
unpriv-cfi.adoc,250,"The Zicfiss instructions, except `SSAMOSWAP.W/D`, are encoded using a subset of May-Be-Operation instructions defined by the Zimop and Zcmop extensions.",ZICFISS_INSTRUCTION_ENCODING,no,NORM_DIRECT,binary,high,newly discovered
unpriv-cfi.adoc,275,`SSPUSH x1` and `SSPUSH x5` - encoded using `MOP.RR.7`,ZICFISS_SSPUSH_ENCODING,no,NORM_DIRECT,enum,high,newly discovered
unpriv-cfi.adoc,276,`C.SSPUSH x1` - encoded using `C.MOP.1`,ZICFISS_C_SSPUSH_ENCODING,no,NORM_DIRECT,binary,high,newly discovered
unpriv-cfi.adoc,279,`SSPOPCHK x1` and `SSPOPCHK x5` - encoded using `MOP.R.28`,ZICFISS_SSPOPCHK_ENCODING,no,NORM_DIRECT,enum,high,newly discovered
unpriv-cfi.adoc,280,`C.SSPOPCHK x5` - encoded using `C.MOP.5`,ZICFISS_C_SSPOPCHK_ENCODING,no,NORM_DIRECT,binary,high,newly discovered
unpriv-cfi.adoc,283,`SSRDP` - encoded using `MOP.R.28`,ZICFISS_SSRDP_ENCODING,no,NORM_DIRECT,binary,high,newly discovered
unpriv-cfi.adoc,285,Perform an atomic swap from a shadow stack location (See <<SSAMOSWAP>>),ZICFISS_SSAMOSWAP_SUPPORT,no,NORM_DIRECT,binary,high,newly discovered
unpriv-cfi.adoc,294,The `ssp` CSR is an unprivileged read-write (URW) CSR that reads and writes `XLEN` low order bits of the shadow stack pointer (`ssp`).,SSP_CSR_ACCESS,no,NORM_CSR_RW,binary,high,newly discovered
unpriv-cfi.adoc,295,The CSR address is 0x011.,SSP_CSR_ADDRESS,no,NORM_DIRECT,value,high,newly discovered
unpriv-cfi.adoc,296,There is no high CSR defined as the `ssp` is always as wide as the `XLEN` of the current privilege mode.,SSP_CSR_WIDTH,no,NORM_DIRECT,binary,high,newly discovered
unpriv-cfi.adoc,297,"The bits 1:0 of `ssp` are read-only zero. If the UXLEN or SXLEN may never be 32, then the bit 2 is also read-only zero.",SSP_ALIGNMENT_BITS,no,NORM_CSR_RW,bitmask,high,newly discovered
v-st-ext.adoc,22,"The maximum size in bits of a vector element that any operation can produce or consume, _ELEN_ >= 8, which must be a power of 2.",ELEN,yes,NORM_DIRECT,value,high,
v-st-ext.adoc,24,"The number of bits in a single vector register, _VLEN_ >= ELEN, which must be a power of 2, and must be no greater than 2^16.",VLEN,yes,NORM_DIRECT,value,high,
v-st-ext.adoc,109,"Analogous to the way in which the floating-point unit is handled, the `mstatus.VS` field may exist even if `misa.V` is clear.",MSTATUS_VS_EXISTS,no,NORM_DIRECT,binary,high,newly discovered
v-st-ext.adoc,127,"Implementations may also change `mstatus.VS` or `vsstatus.VS` from Initial or Clean to Dirty at any time, even when there is no change in vector state.",HW_MSTATUS_VS_DIRTY_UPDATE,yes,SW_RULE,enum,medium,
v-st-ext.adoc,138,"For implementations with a writable `misa.V` field, the `vsstatus.VS` field may exist even if `misa.V` is clear.",VSSTATUS_VS_EXISTS,no,NORM_DIRECT,binary,high,newly discovered
v-st-ext.adoc,162,"A small implementation supporting ELEN=32 requires only seven bits of state in `vtype`: two bits for `ma` and `ta`, two bits for `vsew[1:0]` and three bits for `vlmul[2:0]`. The illegal value represented by `vill` can be internally encoded using the illegal 64-bit combination in `vsew[1:0]` without requiring an additional storage bit to hold `vill`.",VILL_IMPLICIT_ENCODING,no,NORM_DIRECT,binary,medium,newly discovered
v-st-ext.adoc,244,"Implementations must support LMUL integer values of 1, 2, 4, and 8.",LMUL_SUPPORT,no,NORM_DIRECT,set,high,newly discovered
v-st-ext.adoc,318,Instructions specifying an LMUL=2 vector register group with an odd-numbered vector register are reserved.,VREG_OFFGROUP_LMUL2_RSV,no,NORM_DIRECT,binary,high,newly discovered
v-st-ext.adoc,321,instructions specifying an LMUL=4 vector register group using vector register numbers that are not multiples of four are reserved.,VREG_OFFGROUP_LMUL4_RSV,no,NORM_DIRECT,binary,high,newly discovered
v-st-ext.adoc,324,instructions specifying an LMUL=8 vector register group using register numbers that are not multiples of eight are reserved.,VREG_OFFGROUP_LMUL8_RSV,no,NORM_DIRECT,binary,high,newly discovered
v-st-ext.adoc,1031,Implementations may set `vill` in either case.,RESERVED_VILL_SET,no,NORM_DIRECT,binary,high,newly discovered
v-st-ext.adoc,1088,All vector loads and stores may generate and accept a non-zero `vstart` value.,VECTOR_LS_VSTART,no,NORM_DIRECT,binary,medium,newly discovered
v-st-ext.adoc,1424,Load instructions may overwrite active destination vector register group elements past the element index at which the trap is reported.,VECTOR_LS_OVERWRITE_PAST_TRAP,no,NORM_DIRECT,binary,high,newly discovered
v-st-ext.adoc,1425,"Similarly, fault-only-first load instructions may update active destination elements past the element that causes trimming of the vector length (but not past the original vector length). The values of these spurious updates do not have to correspond to the values in memory at the addressed memory locations.",VECTOR_FF_PAST_TRAP,no,NORM_DIRECT,binary,high,newly discovered
v-st-ext.adoc,1598,"If a trap occurs during access to a segment, it is implementation-defined whether a subset of the faulting segment's accesses are performed before the trap is taken.",VECTOR_LS_SEG_PARTIAL_ACCESS,no,NORM_DIRECT,binary,high,newly discovered
v-st-ext.adoc,1693,"In both cases, it is implementation-defined whether a subset of the segment is loaded.",VECTOR_FF_SEG_PARTIAL_ACCESS,no,NORM_DIRECT,binary,high,newly discovered
v-st-ext.adoc,1696,These instructions may overwrite destination vector register group elements past the point at which a trap is reported or past the point at which vector length is trimmed.,VECTOR_LS_SEG_FF_OVERLOAD,no,NORM_DIRECT,binary,high,newly discovered
v-st-ext.adoc,1825,Implementations are allowed to raise a misaligned address exception on whole register loads and stores if the base address is not naturally aligned to the larger of the size of the encoded EEW in bytes (EEW/8) or the implementation's smallest supported SEW size in bytes (SEW_MIN/8).,VECTOR_LS_WHOLEREG_MISSALIGNED_EXCEPTION,no,NORM_DIRECT,binary,high,newly discovered
v-st-ext.adoc,1876,"If an element accessed by a vector memory instruction is not naturally aligned to the size of the element, either the element is transferred successfully or an address-misaligned exception is raised on that element.",VECTOR_LS_MISSALIGNED_EXCEPTION,no,NORM_DIRECT,binary,high,newly discovered
v-st-ext.adoc,5251,The Zve32f and Zve64x extensions depend on the Zve32x extension.,ZVE32F_ZVE64X_DEPENDENT_ZVE32X,no,DOC_RULE,binary,high,newly discovered
v-st-ext.adoc,5252,The Zve64f extension depends on the Zve32f and Zve64x extensions.,ZVE64F_DEPENDENT_ZVE32F_ZVE64X,no,DOC_RULE,binary,high,newly discovered
v-st-ext.adoc,5253,The Zve64d extension depends on the Zve64f extension.,ZVE64D_DEPENDENT_ZVE64F,no,DOC_RULE,binary,high,newly discovered
v-st-ext.adoc,5255,All Zve* extensions have precise traps.,ZVE_PRECISE_TRAPS,no,NORM_DIRECT,binary,high,newly discovered
v-st-ext.adoc,5267,All Zve* extensions do not support EEW=64 for index values when XLEN=32.,ZVE_EEW64_NSUPPORT_XLEN32,no,NORM_DIRECT,binary,high,newly discovered
v-st-ext.adoc,5272,"the `vmulh` integer multiply variants that return the high word of the product (`vmulh.vv`, `vmulh.vx`, `vmulhu.vv`, `vmulhu.vx`, `vmulhsu.vv`, `vmulhsu.vx`) are not included for EEW=64 in Zve64*.",ZVE64_EEW64_NSUPPORT_VMULH,no,NORM_DIRECT,binary,high,newly discovered
v-st-ext.adoc,5280,`vsmul.vv` and `vsmul.vx` are not included in EEW=64 in Zve64*.,ZVE64_EEW64_NSUPPORT_VSMUL,no,NORM_DIRECT,binary,high,newly discovered
v-st-ext.adoc,5289,"Zve32x and Zve64x do not include those with floating-point operands, and Zve64f does not include those with EEW=64 floating-point operands.",ZVE32X_ZVE64X_NSUPPORT_FREG,no,NORM_DIRECT,binary,high,newly discovered
v-st-ext.adoc,5292,The Zve32x extension depends on the Zicsr extension.,ZVE32X_DEPENDENT_ZICSR,no,DOC_RULE,binary,high,newly discovered
v-st-ext.adoc,5293,The Zve32f and Zve64f extensions depend upon the F extension,ZVE32F_ZVE64F_DEPENDENT_F,no,DOC_RULE,binary,high,newly discovered
v-st-ext.adoc,5306,The `misa.v` bit is set for implementations providing `misa` and supporting V.,MISA_V_OP,no,NORM_DIRECT,binary,high,newly discovered
v-st-ext.adoc,5308,The V vector extension has precise traps.,V_PRECISE_TRAPS,no,NORM_DIRECT,binary,high,newly discovered
v-st-ext.adoc,5310,The V vector extension depends upon the Zvl128b and Zve64d extensions.,V_DEPENDENT_ZVL128B_ZVE64D,no,DOC_RULE,binary,high,newly discovered
v-st-ext.adoc,5327,The V extension does not support EEW=64 for index values when XLEN=32.,V_INSTR_LS_EEW64_NSUPPORTED_XLEN32,no,NORM_DIRECT,binary,high,newly discovered
v-st-ext.adoc,5344,The V extension depends upon the F and D extensions,V_DEPENDENT_F_D,no,DOC_RULE,binary,high,newly discovered
v-st-ext.adoc,5363,The Zvfhmin extension depends on the Zve32f extension.,ZVFHMIN_DEPENDENT_ZVE32F,no,DOC_RULE,binary,high,newly discovered
v-st-ext.adoc,5381,The Zvfh extension depends on the Zve32f and Zfhmin extensions.,ZVFH_DEPENDENT_ZVE32F_ZFHMIN,no,DOC_RULE,binary,high,newly discovered
v-st-ext.adoc,5407,Vector instructions with EGS > VLMAX are reserved.,EGS_GE_VLMAX_RSV,no,NORM_DIRECT,binary,high,newly discovered
v-st-ext.adoc,5420,"When an operand is a vector of element groups, the `vl` setting must correspond to an integer multiple of the element group size, with other values of `vl` reserved.",EGS_VL_RSV,no,NORM_DIRECT,binary,high,newly discovered
v-st-ext.adoc,5427,"When AVL > VLMAX, the value of `vl` must be set to either VLMAX or a positive integer multiple of EGSMAX.",EGS_VL_AVL,no,NORM_DIRECT,binary,high,newly discovered
vector-crypto.adoc,189,"For all of the vector crypto instructions in this specification, `EEW`=`SEW`.",VECCRYPTO_EEW_EQUALS_SEW,no,NORM_DIRECT,binary,high,newly discovered
vector-crypto.adoc,213,"Since `vl` and `vstart` refer to elements, Vector Crypto instructions that use elements groups (See <<crypto-vector-element-groups>>) require that these values are an integer multiple of the Element Group Size (`EGS`).",VECCRYPTO_VL_VSTART_EGS_CONSTRAINT,no,NORM_DIRECT,binary,high,newly discovered
vector-crypto.adoc,216,Instructions that violate the `vl` or `vstart` requirements are _reserved_.,VECCRYPTO_VL_VSTART_VIOLATION_RESERVED,no,NORM_DIRECT,binary,high,newly discovered
vector-crypto.adoc,233,"For element-group instructions, `LMUL`*`VLEN` must always be at least as large as `EGW`, otherwise an _illegal-instruction exception_ is raised, even if `vl`=0.",VECCRYPTO_LMUL_VLEN_EGW_CONSTRAINT,no,NORM_DIRECT,binary,high,newly discovered
vector-crypto.adoc,252,Some Vector Crypto instructions are only defined for a specific `SEW`. In such a case all other `SEW` values are _reserved_.,VECCRYPTO_SEW_SPECIFIC_RESERVED,no,NORM_DIRECT,binary,high,newly discovered
vector-crypto.adoc,270,"In the case of the `.vs` instructions defined in this specification, `vs2` holds a 128-bit scalar element group.",VECCRYPTO_VS_INSTRUCTIONS_VS2_128BIT,no,NORM_DIRECT,binary,high,newly discovered
vector-crypto.adoc,271,"For implementations with `VLEN` ≥ 128, `vs2` refers to a single register. Thus, the `vd` register group must not overlap the `vs2` register. However, in implementations where `VLEN` < 128, `vs2` refers to a register group comprised of the number of registers needed to hold the 128-bit scalar element group. In this case, the `vd` register group must not overlap this `vs2` register group.",VECCRYPTO_VS_INSTRUCTIONS_VD_VS2_OVERLAP,no,NORM_DIRECT,binary,high,newly discovered
vector-crypto.adoc,310,"they return _vector_ results to `vd`, which is also a source vector operand.",VECCRYPTO_VS_INSTRUCTIONS_VD_VECTOR_RESULT,no,NORM_DIRECT,binary,high,newly discovered
vector-crypto.adoc,320,"These instructions enable a single key, specified as a scalar element group in `vs2`, to be applied to each element group of register group `vd`.",VECCRYPTO_VS_INSTRUCTIONS_KEY_APPLICATION,no,NORM_DIRECT,binary,high,newly discovered
vector-crypto.adoc,370,"The <<zvknh,Zvknhb>> and <<zvbc>> Vector Crypto Extensions --and accordingly the composite extensions <<Zvkn>>, <<Zvknc>>, <<Zvkng>>, and <<Zvksc>>-- depend on Zve64x.",ZVKNHB_ZVBC_COMPOSITE_DEPEND_ZVE64X,no,NORM_DIRECT,binary,high,newly discovered
vector-crypto.adoc,373,All of the other Vector Crypto Extensions depend on `Zve32x`.,OTHER_VECCRYPTO_DEPEND_ZVE32X,no,NORM_DIRECT,binary,high,newly discovered
vector-crypto.adoc,383,It is important to note that the Vector Crypto instructions are independent of the implementation of the `Zkt` extension and do not require that `Zkt` is implemented.,VECCRYPTO_INDEPENDENT_ZKT,no,NORM_DIRECT,binary,high,newly discovered
vector-crypto.adoc,413,These instructions are only defined for `SEW`=64.,ZVBC_SEW64_ONLY,no,NORM_CSR_WARL,binary,high,newly discovered
vector-crypto.adoc,463,All of these instructions work on 128-bit element groups comprised of four 32-bit elements.,ZVKG_EGW128B_ELEM32B,no,NORM_DIRECT,binary,high,newly discovered
vector-crypto.adoc,475,"To help avoid side-channel timing attacks, these instructions shall be implemented with data-independent timing.",ZVKG_DATA_INDEPENDENT_TIMING,no,NORM_DIRECT,binary,high,newly discovered
vector-crypto.adoc,477,The number of element groups to be processed is `vl`/`EGS`. `vl` must be set to the number of `SEW=32` elements to be processed and therefore must be a multiple of `EGS=4`.,ZVKG_VL_CONSTRAINT,no,NORM_DIRECT,binary,high,newly discovered
vector-crypto.adoc,479,"Likewise, `vstart` must be a multiple of `EGS=4`.",ZVKG_VSTART_CONSTRAINT,no,NORM_DIRECT,binary,high,newly discovered
vector-crypto.adoc,3349,`zvknha`: `SEW` is any value other than 32,VSHA2MS_ZVKNHA_SEW_SUPPORT,no,NORM_CSR_WARL,set,high,newly discovered
vector-crypto.adoc,3350,`zvknhb`: `SEW` is any value other than 32 or 64,VSHA2MS_ZVKNHB_SEW_SUPPORT,no,NORM_CSR_WARL,set,high,newly discovered
vector-crypto.adoc,3456,`SEW` is any value other than 32,VSM3C_SEW_SUPPORT,no,NORM_CSR_WARL,set,high,newly discovered
vector-crypto.adoc,3598,`SEW` is any value other than 32,VSM3ME_SEW_SUPPORT,no,NORM_CSR_WARL,set,high,newly discovered
vector-crypto.adoc,3730,`SEW` is any value other than 32,VSM4K_SEW_SUPPORT,no,NORM_CSR_WARL,set,high,newly discovered
vector-crypto.adoc,3890,`SEW` is any value other than 32,VSM4R_SEW_SUPPORT,no,NORM_CSR_WARL,set,high,newly discovered
zabha.adoc,50,The same exception options as specified in the A extension are applicable in cases where the address is not naturally aligned.,MISALIGNED_AMO,yes,NORM_DIRECT,enum,high,
zacas.adoc,139,"`AMOCAS.W/D/Q` requires that the address held in `rs1` be naturally aligned to the size of the operand (i.e., 16-byte aligned for _quadwords_, eight-byte aligned for _doublewords_, and four-byte aligned for _words_).",MISALIGNED_AMOCAS,no,NORM_DIRECT,enum,high,newly discovered
zalasr.adoc,22,"If the address is not naturally aligned, an address-misaligned exception or an access-fault exception will be generated.",ZALASR_MISALIGNED_EXCEPTION_TYPE,no,NORM_DIRECT,enum,high,newly discovered
zalasr.adoc,25,"The misaligned atomicity granule PMA, defined in Volume II of this manual, optionally relaxes this alignment requirement.",ZALASR_MISALIGNED_ATOMICITY_GRANULE,no,NORM_DIRECT,range,medium,newly discovered
zawrs.adoc,30,`WRS.STO` (WRS-with-short-timeout) is provided that works like `WRS.NTO` but bounds the stall duration to an implementation-define short timeout such that the stall is terminated on the timeout if no other conditions have occurred to terminate the stall.,WRS_STO_TIMEOUT_DURATION,no,NORM_DIRECT,value,high,newly discovered
zawrs.adoc,67,"While stalled, an implementation is permitted to occasionally terminate the stall and complete execution for any reason.",WRS_EARLY_TERMINATION_POLICY,no,NORM_DIRECT,binary,medium,newly discovered
zawrs.adoc,72,"When the `TW` (Timeout Wait) bit in `mstatus` is set and `WRS.NTO` is executed in any privilege mode other than M mode, and it does not complete within an implementation-specific bounded time limit, the `WRS.NTO` instruction will cause an illegal-instruction exception.",WRS_NTO_TW_TIMEOUT_DURATION,no,NORM_DIRECT,value,high,newly discovered
zawrs.adoc,76,"When executing in VS or VU mode, if the `VTW` bit is set in `hstatus`, the `TW` bit in `mstatus` is clear, and the `WRS.NTO` does not complete within an implementation-specific bounded time limit, the `WRS.NTO` instruction will cause a virtual-instruction exception.",WRS_NTO_VTW_TIMEOUT_DURATION,no,NORM_DIRECT,value,high,newly discovered
zc.adoc,1421,It is implementation defined whether interrupts can also be taken during the sequence execution.,INTERRUPTS_ALLOWED_IN_PUSHPOP,no,NORM_DIRECT,binary,high,newly discovered
zc.adoc,1442,"It is platform defined whether the core implementation waits for the bus responses before continuing to the final stage of the sequence, or handles errors responses after completing the PUSH instruction.",PUSHPOP_BUS_FAULT_HANDLING,no,NORM_DIRECT,binary,high,newly discovered
zc.adoc,2439,"The jvt register is an XLEN-bit WARL read/write register that holds the jump table configuration, consisting of the jump table base address (BASE) and the jump table mode (MODE).",JVT_READ_ONLY,yes,NORM_CSR_RW,binary,high,
zc.adoc,2442,"If jvt is writable, the set of values the register may hold can vary by implementation.",JVT_BASE_MASK,yes,NORM_CSR_WARL,bitmask,high,
zc.adoc,2463,"jvt.mode is a WARL field, so can only be programmed to modes which are implemented.",JVT_BASE_TYPE,yes,NORM_CSR_WARL,set,high,
zfa.adoc,175,Other _rm_ values are _reserved_.,FCVTMOD_RM_RESERVED_BEHAVIOR,no,NORM_DIRECT,enum,medium,newly discovered
zfinx.adoc,147,"In the standard privileged architecture defined in Volume II, the `mstatus` field FS is hardwired to 0 if the Zfinx extension is implemented, and FS no longer affects the trapping behavior of floating-point instructions or `fcsr` accesses.",MSTATUS_FS_LEGAL_VALUES,yes,NORM_CSR_WARL,set,high,
zicond.adoc,49,"Furthermore, if the Zkt extension is implemented, this instruction's timing is independent of the data values in _rs1_ and _rs2_.",ZKT_EXTENSION_IMPLEMENTED,no,NORM_DIRECT,binary,high,newly discovered
zicsr.adoc,244,"The hardware platform may define that accesses to certain CSRs are strongly ordered, as defined by the Memory-Ordering PMAs section in Volume II of this manual.",CSR_STRONGLY_ORDERED,no,NORM_DIRECT,set,high,newly discovered
zifencei.adoc,108,"For forward compatibility, base implementations shall ignore these fields, and standard software shall zero these fields.",FENCE_I_RESERVED_FIELD_BEHAVIOR,no,NORM_DIRECT,binary,high,newly discovered
zihintntl.adoc,154,"In the event that a trap is taken on the target instruction, implementations are discouraged from applying the NTL to the first instruction in the trap handler. Instead, implementations are recommended to ignore the HINT in this case.",NTL_TRAP_BEHAVIOR,no,NORM_DIRECT,binary,medium,newly discovered
zihintpause.adoc,5,The duration of its effect must be bounded and may be zero.,PAUSE_DURATION,no,NORM_DIRECT,range,high,newly discovered
zilsd.adoc,35,"Even if naturally aligned, the memory access might not be performed atomically.",ZILSD_8BYTE_ATOMIC,no,NORM_DIRECT,binary,high,newly discovered
zilsd.adoc,36,"If the effective address is a multiple of 4, then each word access is required to be performed atomically.",ZILSD_4BYTE_WORD_ATOMIC,no,NORM_DIRECT,binary,medium,newly discovered
zpm.adoc,13,The tag checks themselves can be implemented in software or hardware.,PM_TAG_CHECK_IMPLEMENTATION,no,NORM_DIRECT,binary,high,newly discovered
zpm.adoc,95,"The current standard only supports PMLEN=XLEN-48 (i.e., PMLEN=16 in RV64) and PMLEN=XLEN-57 (i.e., PMLEN=7 in RV64).",PMLEN,yes,NORM_DIRECT,enum,high,
zpm.adoc,218,the supported values of PMLEN may depend on the effective privilege mode.,PMLEN_PER_MODE_SUPPORT,no,NORM_DIRECT,set,medium,newly discovered
zpm.adoc,219,Trying to enable pointer masking in an unsupported scenario represents an illegal write to the corresponding pointer masking enable bit and follows WARL semantics.,PM_ENABLE_WARL_BEHAVIOR,no,NORM_CSR_WARL,binary,high,newly discovered
ztso-st-ext.adoc,35,"Additionally, if the Ztso extension is implemented, then vector memory instructions in the V extension and Zve family of extensions follow RVTSO at the instruction level.",ZTSO_EXTENSION_IMPLEMENTED,no,NORM_DIRECT,binary,high,newly discovered
